,Actual_values,Predicted Values,Correct
204,Benign,Benign,TRUE
70,Malignant,Malignant,TRUE
131,Malignant,Malignant,TRUE
431,Benign,Benign,TRUE
540,Benign,Benign,TRUE
567,Malignant,Malignant,TRUE
369,Malignant,Malignant,TRUE
29,Malignant,Malignant,TRUE
81,Benign,Benign,TRUE
477,Benign,Benign,TRUE
457,Benign,Benign,TRUE
167,Malignant,Malignant,TRUE
165,Benign,Benign,TRUE
329,Malignant,Malignant,TRUE
527,Benign,Benign,TRUE
83,Malignant,Malignant,TRUE
511,Benign,Benign,TRUE
556,Benign,Benign,TRUE
101,Benign,Benign,TRUE
535,Malignant,Malignant,TRUE
73,Malignant,Benign,FALSE
394,Benign,Benign,TRUE
393,Malignant,Malignant,TRUE
425,Benign,Benign,TRUE
305,Benign,Benign,TRUE
76,Benign,Malignant,FALSE
384,Benign,Benign,TRUE
555,Benign,Benign,TRUE
362,Benign,Benign,TRUE
72,Malignant,Malignant,TRUE
551,Benign,Benign,TRUE
158,Benign,Benign,TRUE
424,Benign,Benign,TRUE
532,Benign,Benign,TRUE
222,Benign,Benign,TRUE
55,Benign,Benign,TRUE
10,Malignant,Malignant,TRUE
281,Benign,Benign,TRUE
6,Malignant,Malignant,TRUE
90,Benign,Malignant,FALSE
104,Benign,Benign,TRUE
353,Malignant,Malignant,TRUE
422,Benign,Benign,TRUE
211,Benign,Benign,TRUE
275,Benign,Benign,TRUE
109,Benign,Benign,TRUE
520,Benign,Benign,TRUE
557,Benign,Benign,TRUE
531,Benign,Benign,TRUE
284,Benign,Benign,TRUE
264,Malignant,Malignant,TRUE
30,Malignant,Malignant,TRUE
208,Benign,Malignant,FALSE
528,Benign,Benign,TRUE
145,Benign,Benign,TRUE
464,Benign,Benign,TRUE
320,Benign,Benign,TRUE
82,Malignant,Malignant,TRUE
39,Malignant,Malignant,TRUE
271,Benign,Benign,TRUE
79,Benign,Benign,TRUE
2,Malignant,Malignant,TRUE
564,Malignant,Malignant,TRUE
462,Benign,Benign,TRUE
334,Benign,Benign,TRUE
228,Benign,Benign,TRUE
118,Malignant,Malignant,TRUE
78,Malignant,Malignant,TRUE
188,Benign,Benign,TRUE
331,Benign,Benign,TRUE
196,Malignant,Malignant,TRUE
11,Malignant,Benign,FALSE
395,Benign,Benign,TRUE
177,Malignant,Malignant,TRUE
538,Benign,Benign,TRUE
482,Benign,Benign,TRUE
235,Benign,Benign,TRUE
255,Malignant,Benign,FALSE
144,Benign,Benign,TRUE
380,Benign,Benign,TRUE
132,Malignant,Malignant,TRUE
333,Benign,Benign,TRUE
86,Malignant,Benign,FALSE
250,Malignant,Malignant,TRUE
274,Malignant,Malignant,TRUE
257,Malignant,Malignant,TRUE
9,Malignant,Malignant,TRUE
468,Malignant,Malignant,TRUE
382,Benign,Benign,TRUE
322,Benign,Benign,TRUE
84,Benign,Benign,TRUE
526,Benign,Benign,TRUE
500,Benign,Benign,TRUE
561,Benign,Benign,TRUE
332,Benign,Benign,TRUE
110,Benign,Benign,TRUE
565,Malignant,Malignant,TRUE
203,Malignant,Malignant,TRUE
153,Benign,Benign,TRUE
441,Malignant,Malignant,TRUE
182,Malignant,Malignant,TRUE
140,Benign,Benign,TRUE
77,Malignant,Malignant,TRUE
408,Malignant,Malignant,TRUE
549,Benign,Benign,TRUE
530,Benign,Benign,TRUE
163,Benign,Benign,TRUE
503,Malignant,Malignant,TRUE
148,Benign,Benign,TRUE
486,Benign,Benign,TRUE
75,Malignant,Malignant,TRUE
249,Benign,Benign,TRUE
238,Benign,Benign,TRUE
265,Malignant,Malignant,TRUE
